{
  "strategy": "cotraining_batch_reweighting",
  "dataset": "Imagewoof",
  "pipeline": "mixed_batches_with_domain_weighted_loss",
  "epochs": 20,
  "lr": 0.001,
  "batch_size": 64,
  "hf_batch_ratio": 0.25,
  "hf_loss_weight": 2.0,
  "bf_loss_weight": 0.7,
  "seeds": [
    42,
    1,
    2
  ],
  "hf_seen_total_samples": 14080,
  "bf_seen_total_samples": 42240,
  "data_cost_CA": 17116.0,
  "compute_images_seen": 56320,
  "total_cost_CA": 183040.0,
  "n_hf_pool": 899,
  "n_bf_pool": 8126,
  "hf_images_seen": 14080,
  "bf_images_seen": 42240,
  "accuracy_HF": 35.24221600067872,
  "accuracy_HF_std": 3.7498267699756602,
  "accuracy_HF_seeds": [
    31.025706286586917,
    38.20310511580555,
    36.497836599643676
  ],
  "accuracy_BF": 33.69814202087045,
  "accuracy_BF_std": 4.764378070150778,
  "accuracy_BF_seeds": [
    28.60778824128277,
    38.050394502417916,
    34.43624331891066
  ],
  "accuracy_Mixte": 34.47017901077458,
  "accuracy_Mixte_std": 4.243740612737623,
  "accuracy_Mixte_seeds": [
    29.816747263934843,
    38.12674980911173,
    35.46703995927717
  ],
  "training_time_min": 1.361825344297621,
  "training_time_min_std": 0.026727532768224396,
  "per_seed": [
    {
      "seed": 42,
      "accuracy_HF": 31.025706286586917,
      "accuracy_BF": 28.60778824128277,
      "accuracy_Mixte": 29.816747263934843,
      "time_min": 1.3915599226951598,
      "hf_per_batch": 16,
      "bf_per_batch": 48,
      "n_batches": 44
    },
    {
      "seed": 1,
      "accuracy_HF": 38.20310511580555,
      "accuracy_BF": 38.050394502417916,
      "accuracy_Mixte": 38.12674980911173,
      "time_min": 1.3541171153386433,
      "hf_per_batch": 16,
      "bf_per_batch": 48,
      "n_batches": 44
    },
    {
      "seed": 2,
      "accuracy_HF": 36.497836599643676,
      "accuracy_BF": 34.43624331891066,
      "accuracy_Mixte": 35.46703995927717,
      "time_min": 1.3397989948590596,
      "hf_per_batch": 16,
      "bf_per_batch": 48,
      "n_batches": 44
    }
  ]
}