{
    "mode": "BF",
    "dataset": "Imagewoof",
    "epochs": 20,
    "seeds": [
        42,
        1,
        2
    ],
    "data_cost_CA": 8126.000000000002,
    "compute_images_seen": 162520,
    "total_cost_CA": 162520.00000000003,
    "n_hf_pool": 0,
    "n_bf_pool": 8126,
    "hf_images_seen": 0,
    "bf_images_seen": 162520,
    "accuracy_HF": 42.71655213370663,
    "accuracy_HF_std": 2.8218578690191687,
    "accuracy_HF_seeds": [
        42.04632221939425,
        40.2901501654365,
        45.813184016289135
    ],
    "accuracy_BF": 47.01790107745822,
    "accuracy_BF_std": 1.6309666153010445,
    "accuracy_BF_seeds": [
        45.635021634003564,
        46.602188852125224,
        48.81649274624586
    ],
    "accuracy_Mixte": 44.867226605582424,
    "accuracy_Mixte_std": 2.128851942430471,
    "accuracy_Mixte_seeds": [
        43.8406719266989,
        43.44616950878086,
        47.3148383812675
    ],
    "training_time_sec": 195.37491313616434,
    "training_time_sec_std": 0.05807150763123566,
    "per_seed": [
        {
            "seed": 42,
            "accuracy_HF": 42.04632221939425,
            "accuracy_BF": 45.635021634003564,
            "accuracy_Mixte": 43.8406719266989,
            "training_time_sec": 195.43597173690796,
            "loss_history": [
                2.1131732634596716,
                1.8778218242765912,
                1.7301205097968844,
                1.5897646229049416,
                1.4739281334314855,
                1.3444399035625378,
                1.198194358784842,
                1.0131504648634873,
                0.8572360433999348,
                0.5900333514361437,
                0.3451327089089171,
                0.2242453438130148,
                0.14320017308649569,
                0.10088099475831724,
                0.046003209071707435,
                0.02942805690220973,
                0.030950640797442676,
                0.06074812457812645,
                0.1945659250934195,
                0.1359152379380404
            ]
        },
        {
            "seed": 1,
            "accuracy_HF": 40.2901501654365,
            "accuracy_BF": 46.602188852125224,
            "accuracy_Mixte": 43.44616950878086,
            "training_time_sec": 195.3683876991272,
            "loss_history": [
                2.1152051346894116,
                1.8806012188188261,
                1.7245654654039293,
                1.6136170873611453,
                1.506059410623104,
                1.3718793305921166,
                1.2406855000083505,
                1.0984329145411802,
                0.9356583734612556,
                0.6850100708600485,
                0.455177703984641,
                0.298424583378608,
                0.168069211651972,
                0.08668736140847705,
                0.04539694001156871,
                0.03410342268676937,
                0.049926901651065454,
                0.09817996509088955,
                0.16442393341910624,
                0.12416393472303054
            ]
        },
        {
            "seed": 2,
            "accuracy_HF": 45.813184016289135,
            "accuracy_BF": 48.81649274624586,
            "accuracy_Mixte": 47.3148383812675,
            "training_time_sec": 195.32037997245789,
            "loss_history": [
                2.1181423594850113,
                1.8709547720664303,
                1.7276128515245408,
                1.6209209550932187,
                1.4879413670047645,
                1.3820988272846024,
                1.285385692057984,
                1.101606414437206,
                0.9263627039456115,
                0.7032347508260777,
                0.478331675449968,
                0.2950979376437774,
                0.15583991113919035,
                0.07772506693152996,
                0.048616000790623004,
                0.0940154309148657,
                0.12267735634029367,
                0.11676479601343659,
                0.06139329169518602,
                0.02851497911470602
            ]
        }
    ]
}