{
  "strategy": "transfer_learning_sequentiel",
  "dataset": "Imagewoof",
  "pipeline": "BF_pretraining_then_HF_finetuning",
  "pretrain_epochs": 10,
  "finetune_epochs": 10,
  "lr_pretrain": 0.001,
  "lr_finetune": 0.0003,
  "seeds": [
    42,
    1,
    2
  ],
  "data_cost_CA": 17116.0,
  "compute_images_seen": 88450,
  "total_cost_CA": 153160.0,
  "n_hf_pool": 899,
  "n_bf_pool": 8126,
  "hf_images_seen": 7190,
  "bf_images_seen": 81260,
  "accuracy_HF": 52.01493170442013,
  "accuracy_HF_std": 0.6925188881697639,
  "accuracy_HF_seeds": [
    52.812420463222196,
    51.667090862814966,
    51.565283787223215
  ],
  "accuracy_BF": 45.134470179010776,
  "accuracy_BF_std": 0.4469183741771766,
  "accuracy_BF_seeds": [
    45.55866632730975,
    44.667854415881905,
    45.17688979384067
  ],
  "accuracy_Mixte": 48.57470094171545,
  "accuracy_Mixte_std": 0.5387124074450697,
  "accuracy_Mixte_seeds": [
    49.185543395265974,
    48.16747263934843,
    48.37108679053195
  ],
  "total_time_min": 2.022386733690898,
  "total_time_min_std": 0.019206059469952578,
  "per_seed": [
    {
      "seed": 42,
      "accuracy_HF": 52.812420463222196,
      "accuracy_BF": 45.55866632730975,
      "accuracy_Mixte": 49.185543395265974,
      "time_min": 2.0445056239763897,
      "n_hf_train": 719
    },
    {
      "seed": 1,
      "accuracy_HF": 51.667090862814966,
      "accuracy_BF": 44.667854415881905,
      "accuracy_Mixte": 48.16747263934843,
      "time_min": 2.0127196749051413,
      "n_hf_train": 719
    },
    {
      "seed": 2,
      "accuracy_HF": 51.565283787223215,
      "accuracy_BF": 45.17688979384067,
      "accuracy_Mixte": 48.37108679053195,
      "time_min": 2.009934902191162,
      "n_hf_train": 719
    }
  ]
}