{
    "mode": "MIXTE",
    "dataset": "Imagewoof",
    "epochs": 20,
    "seeds": [
        42,
        1,
        2
    ],
    "data_cost_CA": 17116.0,
    "compute_images_seen": 180500,
    "total_cost_CA": 342320.0,
    "n_hf_pool": 899,
    "n_bf_pool": 8126,
    "hf_images_seen": 17980,
    "bf_images_seen": 162520,
    "accuracy_HF": 50.30117926529227,
    "accuracy_HF_std": 2.4970420758718817,
    "accuracy_HF_seeds": [
        52.86332400101807,
        47.87477729702214,
        50.1654364978366
    ],
    "accuracy_BF": 48.799524900313905,
    "accuracy_BF_std": 2.2639678680573634,
    "accuracy_BF_seeds": [
        51.18350725375414,
        46.67854415881904,
        48.53652328836854
    ],
    "accuracy_Mixte": 49.55035208280309,
    "accuracy_Mixte_std": 2.3796496530832956,
    "accuracy_Mixte_seeds": [
        52.0234156273861,
        47.276660727920586,
        49.350979893102576
    ],
    "training_time_sec": 206.91605623563132,
    "training_time_sec_std": 2.338556571660576,
    "per_seed": [
        {
            "seed": 42,
            "accuracy_HF": 52.86332400101807,
            "accuracy_BF": 51.18350725375414,
            "accuracy_Mixte": 52.0234156273861,
            "training_time_sec": 209.45494484901428,
            "loss_history": [
                2.085912957442434,
                1.8445283351908761,
                1.736225149730566,
                1.6102417702291811,
                1.497888371264175,
                1.3867423170095006,
                1.2482528559719097,
                1.110393666190784,
                0.943323559536498,
                0.730502868398735,
                0.5477934155239623,
                0.3111481909078244,
                0.18132538644891036,
                0.12261881895672912,
                0.07013354285602094,
                0.07733900002825624,
                0.07689740085865983,
                0.1284347287967925,
                0.11105774798881975,
                0.07285389540928552
            ]
        },
        {
            "seed": 1,
            "accuracy_HF": 47.87477729702214,
            "accuracy_BF": 46.67854415881904,
            "accuracy_Mixte": 47.276660727920586,
            "training_time_sec": 204.8501319885254,
            "loss_history": [
                2.1134657621515753,
                1.8910794261816135,
                1.756726544240175,
                1.6341975753657376,
                1.5156915164852407,
                1.388487512477547,
                1.2658082052214985,
                1.1344045217413652,
                0.9638163748870596,
                0.7782051644364882,
                0.5347967814606642,
                0.37241270725746894,
                0.20848417086614465,
                0.1526311547604294,
                0.1104731916126452,
                0.0919282965118535,
                0.0905308040027143,
                0.1083294458336447,
                0.0815704034107874,
                0.07237451209916303
            ]
        },
        {
            "seed": 2,
            "accuracy_HF": 50.1654364978366,
            "accuracy_BF": 48.53652328836854,
            "accuracy_Mixte": 49.350979893102576,
            "training_time_sec": 206.44309186935425,
            "loss_history": [
                2.092639711332453,
                1.8821328625454468,
                1.7493639257541984,
                1.6387607225750953,
                1.5331593901827065,
                1.4340470746745693,
                1.2855613864888114,
                1.1678900670608985,
                1.0137516501471606,
                0.8140353194894553,
                0.6258289258962193,
                0.4145915623715049,
                0.2390147293703708,
                0.16533274716617657,
                0.13410889720652572,
                0.12229613420375496,
                0.06933083093067285,
                0.07765932773949367,
                0.06450215977644987,
                0.06783711075452556
            ]
        }
    ]
}