{
  "Animals-10": {
    "ratios": [
      2,
      5,
      10,
      20,
      50
    ],
    "models": {
      "BL 1(HF)": {
        "accuracy_HF": 54.322876817138486,
        "data_cost": {
          "2": 23520.0,
          "5": 23520.0,
          "10": 23520.0,
          "20": 23520.0,
          "50": 23520.0
        },
        "total_cost": {
          "2": 470400.0,
          "5": 470400.0,
          "10": 470400.0,
          "20": 470400.0,
          "50": 470400.0
        }
      },
      "BL 2(BF)": {
        "accuracy_HF": 61.29813823004336,
        "data_cost": {
          "2": 106065.0,
          "5": 42426.0,
          "10": 21213.000000000004,
          "20": 10606.500000000002,
          "50": 4242.600000000004
        },
        "total_cost": {
          "2": 2121300.0,
          "5": 848520.0,
          "10": 424260.0000000001,
          "20": 212130.00000000006,
          "50": 84852.00000000007
        }
      },
      "BL 3(MIXTE)": {
        "accuracy_HF": 73.97347615404233,
        "data_cost": {
          "2": 129585.0,
          "5": 65946.0,
          "10": 44733.0,
          "20": 34126.5,
          "50": 27762.600000000006
        },
        "total_cost": {
          "2": 2591700.0,
          "5": 1318920.0,
          "10": 894660.0000000001,
          "20": 682530.0,
          "50": 555252.0000000001
        }
      },
      "Strat 1(BF->HF)": {
        "accuracy_HF": 77.69701606732976,
        "data_cost": {
          "2": 129585.0,
          "5": 65946.0,
          "10": 44733.0,
          "20": 34126.5,
          "50": 27762.600000000006
        },
        "total_cost": {
          "2": 1248750.0,
          "5": 612360.0,
          "10": 400230.00000000006,
          "20": 294165.0,
          "50": 230526.00000000003
        }
      },
      "Strat 2(CoTrain)": {
        "accuracy_HF": 63.81025248661056,
        "data_cost": {
          "2": 129585.0,
          "5": 65946.0,
          "10": 44733.0,
          "20": 34126.5,
          "50": 27762.600000000006
        },
        "total_cost": {
          "2": 936000.0,
          "5": 599040.0,
          "10": 486720.0,
          "20": 430560.0,
          "50": 396864.0
        }
      },
      "Strat 3(NoisyStud)": {
        "accuracy_HF": 46.17444529456771,
        "data_cost": {
          "2": 129585.0,
          "5": 65946.0,
          "10": 44733.0,
          "20": 34126.5,
          "50": 27762.600000000006
        },
        "total_cost": {
          "2": 2685600.0,
          "5": 1412820.0,
          "10": 988560.0000000001,
          "20": 776430.0,
          "50": 649152.0000000001
        }
      }
    },
    "robustness": {
      "data": {
        "best_per_ratio": {
          "2": "BL 1(HF)",
          "5": "BL 1(HF)",
          "10": "BL 2(BF)",
          "20": "BL 2(BF)",
          "50": "BL 2(BF)"
        },
        "robust": false
      },
      "total": {
        "best_per_ratio": {
          "2": "BL 1(HF)",
          "5": "Strat 1(BF->HF)",
          "10": "Strat 1(BF->HF)",
          "20": "BL 2(BF)",
          "50": "BL 2(BF)"
        },
        "robust": false
      }
    }
  },
  "Imagewoof": {
    "ratios": [
      2,
      5,
      10,
      20,
      50
    ],
    "models": {
      "BL 1(HF)": {
        "accuracy_HF": 24.985153134809536,
        "data_cost": {
          "2": 8990.0,
          "5": 8990.0,
          "10": 8990.0,
          "20": 8990.0,
          "50": 8990.0
        },
        "total_cost": {
          "2": 179800.0,
          "5": 179800.0,
          "10": 179800.0,
          "20": 179800.0,
          "50": 179800.0
        }
      },
      "BL 2(BF)": {
        "accuracy_HF": 42.71655213370663,
        "data_cost": {
          "2": 40630.0,
          "5": 16252.0,
          "10": 8126.000000000002,
          "20": 4063.000000000001,
          "50": 1625.2000000000014
        },
        "total_cost": {
          "2": 812600.0,
          "5": 325040.0,
          "10": 162520.00000000003,
          "20": 81260.00000000001,
          "50": 32504.00000000003
        }
      },
      "BL 3(MIXTE)": {
        "accuracy_HF": 50.30117926529227,
        "data_cost": {
          "2": 49620.0,
          "5": 25242.0,
          "10": 17116.0,
          "20": 13053.0,
          "50": 10615.2
        },
        "total_cost": {
          "2": 992400.0,
          "5": 504840.0,
          "10": 342320.0,
          "20": 261060.0,
          "50": 212304.00000000003
        }
      },
      "Strat 1(BF->HF)": {
        "accuracy_HF": 50.97140917960465,
        "data_cost": {
          "2": 49620.0,
          "5": 25242.0,
          "10": 17116.0,
          "20": 13053.0,
          "50": 10615.2
        },
        "total_cost": {
          "2": 478200.0,
          "5": 234420.0,
          "10": 153160.0,
          "20": 112530.0,
          "50": 88152.00000000001
        }
      },
      "Strat 2(CoTrain)": {
        "accuracy_HF": 37.54135912445915,
        "data_cost": {
          "2": 49620.0,
          "5": 25242.0,
          "10": 17116.0,
          "20": 13053.0,
          "50": 10615.2
        },
        "total_cost": {
          "2": 352000.0,
          "5": 225280.0,
          "10": 183040.0,
          "20": 161920.0,
          "50": 149248.0
        }
      }
    },
    "robustness": {
      "data": {
        "best_per_ratio": {
          "2": "BL 1(HF)",
          "5": "BL 1(HF)",
          "10": "BL 2(BF)",
          "20": "BL 2(BF)",
          "50": "BL 2(BF)"
        },
        "robust": false
      },
      "total": {
        "best_per_ratio": {
          "2": "BL 1(HF)",
          "5": "Strat 1(BF->HF)",
          "10": "Strat 1(BF->HF)",
          "20": "BL 2(BF)",
          "50": "BL 2(BF)"
        },
        "robust": false
      }
    }
  }
}