{
  "Animals-10": {
    "sigma_levels": [
      0.0,
      0.05,
      0.1,
      0.15,
      0.25,
      0.35
    ],
    "sigma_fixed_downscale": 64,
    "downscale_levels": [
      224,
      128,
      96,
      64,
      48,
      32
    ],
    "downscale_fixed_sigma": 0.15,
    "jpeg_quality": 60,
    "models": {
      "BL1 (HF)": {
        "color": "#9aa7b8",
        "clean_HF_acc": 52.98393267023719,
        "sigma_acc": [
          28.691660290742156,
          31.828615149196633,
          35.15684774292272,
          27.046671767406274,
          19.3955623565417,
          14.996174445294567
        ],
        "downscale_acc": [
          35.00382555470543,
          32.746748278500384,
          31.293037490436113,
          27.046671767406274,
          24.06273909716909,
          20.849273144605966
        ]
      },
      "BL2 (BF)": {
        "color": "#6e7a8a",
        "clean_HF_acc": 54.322876817138486,
        "sigma_acc": [
          71.27008416220352,
          71.80566182096403,
          72.18821729150727,
          71.7291507268554,
          52.10405508798776,
          34.16220351951033
        ],
        "downscale_acc": [
          48.69931140015302,
          61.2088752869166,
          66.33511859219587,
          71.7291507268554,
          70.12241775057383,
          59.219586840091814
        ]
      },
      "BL3 (Mixte)": {
        "color": "#3b4a5a",
        "clean_HF_acc": 70.54322876817139,
        "sigma_acc": [
          69.08951798010712,
          69.62509563886763,
          71.49961744452946,
          71.61438408569242,
          52.14231063504208,
          34.58301453710788
        ],
        "downscale_acc": [
          65.11094108645753,
          68.36266258607498,
          69.66335118592195,
          71.61438408569242,
          69.35730680948737,
          59.90818668706962
        ]
      },
      "S1 Transfer": {
        "color": "#4C72B0",
        "clean_HF_acc": 78.30910482019893,
        "sigma_acc": [
          65.83779648048967,
          66.83244070390207,
          67.5592960979342,
          67.98010711553175,
          57.45983167559296,
          41.27773527161438
        ],
        "downscale_acc": [
          75.05738332058148,
          74.29227237949503,
          72.68553940321347,
          67.98010711553175,
          62.28003060443764,
          52.52486610558531
        ]
      },
      "S2 CoTrain": {
        "color": "#55A868",
        "clean_HF_acc": 69.81637337413925,
        "sigma_acc": [
          53.59602142310635,
          56.006120887528695,
          61.553175210405506,
          65.64651874521806,
          44.41469013006886,
          24.904361132364194
        ],
        "downscale_acc": [
          64.0397857689365,
          65.95256312165264,
          66.75592960979343,
          65.64651874521806,
          62.54781943381791,
          52.79265493496557
        ]
      },
      "S3 Curriculum": {
        "color": "#C44E52",
        "clean_HF_acc": 76.35807192042846,
        "sigma_acc": [
          68.36266258607498,
          69.81637337413925,
          72.60902830910481,
          73.06809487375669,
          60.3672532517215,
          43.42004590665646
        ],
        "downscale_acc": [
          73.83320581484315,
          74.48355011476664,
          74.44529456771232,
          73.06809487375669,
          71.19357306809488,
          62.54781943381791
        ]
      },
      "S5 EWC": {
        "color": "#8172B2",
        "clean_HF_acc": 78.079571537873,
        "sigma_acc": [
          65.95256312165264,
          66.60290742157613,
          68.28615149196634,
          68.47742922723795,
          57.45983167559296,
          41.31599081866871
        ],
        "downscale_acc": [
          75.36342769701606,
          74.36878347360367,
          73.14460596786535,
          68.47742922723795,
          62.73909716908952,
          52.180566182096406
        ]
      }
    }
  },
  "Imagewoof": {
    "sigma_levels": [
      0.0,
      0.05,
      0.1,
      0.15,
      0.25,
      0.35
    ],
    "sigma_fixed_downscale": 64,
    "downscale_levels": [
      224,
      128,
      96,
      64,
      48,
      32
    ],
    "downscale_fixed_sigma": 0.15,
    "jpeg_quality": 60,
    "models": {
      "BL1 (HF)": {
        "color": "#9aa7b8",
        "clean_HF_acc": 23.110206159328072,
        "sigma_acc": [
          23.390175617205397,
          22.98294731483838,
          22.423008399083738,
          20.64138457622805,
          19.16518198014762,
          16.62000509035378
        ],
        "downscale_acc": [
          20.43777042504454,
          20.743191651819803,
          20.64138457622805,
          20.64138457622805,
          20.64138457622805,
          21.175871723084754
        ]
      },
      "BL2 (BF)": {
        "color": "#6e7a8a",
        "clean_HF_acc": 42.04632221939425,
        "sigma_acc": [
          45.50776278951387,
          46.016798167472636,
          47.08577246118605,
          45.635021634003564,
          37.4395520488674,
          29.651310766098245
        ],
        "downscale_acc": [
          40.69737846780351,
          43.16620005090354,
          43.904301348943754,
          45.635021634003564,
          45.1259862560448,
          42.50445405955714
        ]
      },
      "BL3 (Mixte)": {
        "color": "#3b4a5a",
        "clean_HF_acc": 52.86332400101807,
        "sigma_acc": [
          50.241791804530415,
          50.827182489182995,
          50.95444133367269,
          51.18350725375414,
          48.511071519470605,
          45.07508271824892
        ],
        "downscale_acc": [
          51.84525324510054,
          51.667090862814966,
          51.565283787223215,
          51.18350725375414,
          49.860015271061336,
          44.3369814202087
        ]
      },
      "S1 Transfer": {
        "color": "#4C72B0",
        "clean_HF_acc": 50.063629422244844,
        "sigma_acc": [
          45.68592517179944,
          45.635021634003564,
          45.38050394502418,
          43.802494273351996,
          39.27207940951896,
          35.04708577246119
        ],
        "downscale_acc": [
          46.83125477220667,
          46.37312293204378,
          45.50776278951387,
          43.802494273351996,
          41.2827691524561,
          36.67599898192925
        ]
      },
      "S2 CoTrain": {
        "color": "#55A868",
        "clean_HF_acc": 38.38126749809112,
        "sigma_acc": [
          37.05777551539832,
          37.08322728429626,
          37.13413082209213,
          37.08322728429626,
          33.749045558666324,
          29.37134130822092
        ],
        "downscale_acc": [
          36.72690251972512,
          37.13413082209213,
          37.41410027996946,
          37.08322728429626,
          36.1160600661746,
          34.410791550012725
        ]
      },
      "S3 Curriculum": {
        "color": "#C44E52",
        "clean_HF_acc": 49.04555866632731,
        "sigma_acc": [
          48.74013743955205,
          49.172817510817005,
          48.434716212776785,
          47.3148383812675,
          42.78442351743446,
          37.54135912445915
        ],
        "downscale_acc": [
          45.813184016289135,
          46.95851361669636,
          46.983965385594296,
          47.3148383812675,
          47.13667599898193,
          45.329600407228305
        ]
      },
      "S5 EWC": {
        "color": "#8172B2",
        "clean_HF_acc": 52.37974039195724,
        "sigma_acc": [
          47.82387375922627,
          48.05293967930771,
          48.38381267498091,
          46.093153474166456,
          40.57011962331382,
          35.50521761262408
        ],
        "downscale_acc": [
          48.56197505726648,
          48.63833036396029,
          47.9765843726139,
          46.093153474166456,
          44.20972257571901,
          39.75566301857979
        ]
      }
    }
  },