{
  "strategy": "cotraining_batch_reweighting",
  "dataset": "Animals-10",
  "pipeline": "mixed_batches_with_domain_weighted_loss",
  "epochs": 20,
  "lr": 0.001,
  "batch_size": 64,
  "hf_batch_ratio": 0.25,
  "hf_loss_weight": 2.0,
  "bf_loss_weight": 0.7,
  "seeds": [
    42,
    1,
    2
  ],
  "hf_seen_total_samples": 37440,
  "bf_seen_total_samples": 112320,
  "data_cost_CA": 44733.0,
  "compute_images_seen": 149760,
  "total_cost_CA": 486720.0,
  "n_hf_pool": 2352,
  "n_bf_pool": 21213,
  "hf_images_seen": 37440,
  "bf_images_seen": 112320,
  "accuracy_HF": 63.81025248661056,
  "accuracy_HF_std": 5.2169402445565,
  "accuracy_HF_seeds": [
    69.81637337413925,
    61.2088752869166,
    60.40550879877582
  ],
  "accuracy_BF": 61.04310124968121,
  "accuracy_BF_std": 4.236934965781218,
  "accuracy_BF_seeds": [
    65.64651874521806,
    60.17597551644989,
    57.306809487375666
  ],
  "accuracy_Mixte": 62.42667686814588,
  "accuracy_Mixte_std": 4.684912013549623,
  "accuracy_Mixte_seeds": [
    67.73144605967866,
    60.692425401683245,
    58.85615914307574
  ],
  "training_time_min": 2.455673917134603,
  "training_time_min_std": 0.010198675999346386,
  "per_seed": [
    {
      "seed": 42,
      "accuracy_HF": 69.81637337413925,
      "accuracy_BF": 65.64651874521806,
      "accuracy_Mixte": 67.73144605967866,
      "time_min": 2.4581389864285788,
      "hf_per_batch": 16,
      "bf_per_batch": 48,
      "n_batches": 117
    },
    {
      "seed": 1,
      "accuracy_HF": 61.2088752869166,
      "accuracy_BF": 60.17597551644989,
      "accuracy_Mixte": 60.692425401683245,
      "time_min": 2.464414123694102,
      "hf_per_batch": 16,
      "bf_per_batch": 48,
      "n_batches": 117
    },
    {
      "seed": 2,
      "accuracy_HF": 60.40550879877582,
      "accuracy_BF": 57.306809487375666,
      "accuracy_Mixte": 58.85615914307574,
      "time_min": 2.444468641281128,
      "hf_per_batch": 16,
      "bf_per_batch": 48,
      "n_batches": 117
    }
  ]
}