{
  "strategy": "teacher_student_noisy_student",
  "paper_reference": "Xie et al. 2020",
  "teacher_epochs": 10,
  "student_epochs": 20,
  "teacher_lr": 0.001,
  "student_lr": 0.001,
  "alpha_bf": 1.0,
  "temperature": 1.0,
  "student_dropout": 0.3,
  "data_cost_CA": 44733.0,
  "compute_images_seen": 480690,
  "total_cost_CA": 988560.0,
  "n_hf_pool": 2352,
  "n_bf_pool": 21213,
  "hf_images_seen": 56430,
  "bf_images_seen": 424260,
  "teacher_time_min": 0.4023545821507772,
  "student_time_min": 13.619634207089742,
  "total_time_min": 14.021988789240519,
  "test_hf_loss": 1.519081365268652,
  "test_bf_loss": 2.847529889247576,
  "accuracy_HF": 46.17444529456771,
  "accuracy_BF": 24.636572302983932,
  "accuracy_Mixte": 35.40550879877582
}