{
  "strategy": "elastic_weight_consolidation",
  "dataset": "Animals-10",
  "pipeline": "BF_pretraining_then_HF_finetuning_EWC",
  "pretrain_epochs": 10,
  "finetune_epochs": 10,
  "lr_pretrain": 0.001,
  "lr_finetune": 0.0003,
  "ewc_lambda": 400,
  "n_fisher_samples": 1000,
  "seeds": [
    42,
    1,
    2
  ],
  "n_hf_pool": 2352,
  "n_bf_pool": 21213,
  "data_cost_CA": 44733.0,
  "total_cost_CA": 400230.0,
  "accuracy_HF": 77.99030859474624,
  "accuracy_HF_std": 0.26040012569066634,
  "accuracy_HF_seeds": [
    78.079571537873,
    78.19433817903597,
    77.69701606732977
  ],
  "accuracy_BF": 68.79622545269063,
  "accuracy_BF_std": 0.6540840909580341,
  "accuracy_BF_seeds": [
    68.47742922723795,
    69.548584544759,
    68.36266258607498
  ],
  "accuracy_Mixte": 73.39326702371844,
  "accuracy_Mixte_std": 0.43238923318505207,
  "accuracy_Mixte_seeds": [
    73.27850038255548,
    73.87146136189747,
    73.02983932670237
  ],
  "total_time_min": 4.00250084400177,
  "total_time_min_std": 0.036275230601656105,
  "per_seed": [
    {
      "seed": 42,
      "accuracy_HF": 78.079571537873,
      "accuracy_BF": 68.47742922723795,
      "accuracy_Mixte": 73.27850038255548,
      "total_cost_CA": 400230.0,
      "time_min": 3.96575429836909,
      "n_hf_train": 1881
    },
    {
      "seed": 1,
      "accuracy_HF": 78.19433817903597,
      "accuracy_BF": 69.548584544759,
      "accuracy_Mixte": 73.87146136189747,
      "total_cost_CA": 400230.0,
      "time_min": 4.038285632928212,
      "n_hf_train": 1881
    },
    {
      "seed": 2,
      "accuracy_HF": 77.69701606732977,
      "accuracy_BF": 68.36266258607498,
      "accuracy_Mixte": 73.02983932670237,
      "total_cost_CA": 400230.0,
      "time_min": 4.003462600708008,
      "n_hf_train": 1881
    }
  ]
}