{
  "strategy": "cotraining_batch_reweighting",
  "dataset": "Animals-10",
  "hyperparams_source": "optuna_optimized",
  "hyperparams": {
    "lr": 0.0008514395937430949,
    "hf_ratio": 0.15751721076239422,
    "alpha_hf": 2.2100139722603145,
    "alpha_bf": 1.0072534937595765
  },
  "default_hyperparams": {
    "lr": 0.001,
    "hf_ratio": 0.25,
    "alpha_hf": 2.0,
    "alpha_bf": 0.7,
    "epochs": 20
  },
  "n_optuna_trials": 20,
  "best_optuna_val_acc": 70.70063694267516,
  "seeds": [
    42,
    1,
    2
  ],
  "n_hf_pool": 2352,
  "n_bf_pool": 21213,
  "data_cost_CA": 44733.0,
  "total_cost_CA": 579040.0,
  "accuracy_HF": 73.20836521295588,
  "accuracy_HF_std": 2.1197623809914328,
  "accuracy_HF_seeds": [
    74.63657230298394,
    74.21576128538638,
    70.77276205049732
  ],
  "accuracy_BF": 69.38281050752359,
  "accuracy_BF_std": 2.2752672205754547,
  "accuracy_BF_seeds": [
    70.65799540933435,
    70.734506503443,
    66.75592960979343
  ],
  "accuracy_Mixte": 71.29558786023973,
  "accuracy_Mixte_std": 2.193809144734178,
  "accuracy_Mixte_seeds": [
    72.64728385615913,
    72.47513389441468,
    68.76434583014537
  ],
  "total_time_min": 3.930253483189477,
  "total_time_min_std": 0.004682283559616356,
  "per_seed": [
    {
      "val_acc": 70.70063694267516,
      "accuracy_HF": 74.63657230298394,
      "accuracy_BF": 70.65799540933435,
      "accuracy_Mixte": 72.64728385615913,
      "total_cost_CA": 579040.0,
      "time_min": 3.931221322218577
    },
    {
      "val_acc": 71.97452229299363,
      "accuracy_HF": 74.21576128538638,
      "accuracy_BF": 70.734506503443,
      "accuracy_Mixte": 72.47513389441468,
      "total_cost_CA": 579040.0,
      "time_min": 3.9343762159347535
    },
    {
      "val_acc": 68.78980891719745,
      "accuracy_HF": 70.77276205049732,
      "accuracy_BF": 66.75592960979343,
      "accuracy_Mixte": 68.76434583014537,
      "total_cost_CA": 579040.0,
      "time_min": 3.9251629114151
    }
  ],
  "delta_accuracy_HF": 9.398112726345325,
  "delta_accuracy_BF": 8.33970925784238,
  "delta_accuracy_Mixte": 8.868910992093852
}