{
  "Animals-10": {
    "sigma_levels": [
      0.0,
      0.05,
      0.1,
      0.15,
      0.25,
      0.35
    ],
    "sigma_fixed_downscale": 64,
    "downscale_levels": [
      224,
      128,
      96,
      64,
      48,
      32
    ],
    "downscale_fixed_sigma": 0.15,
    "jpeg_quality": 60,
    "downscale_unit_costs": [
      10.0,
      3.4,
      2.0,
      1.0,
      0.65,
      0.4
    ],
    "models": {
      "BL 1(HF)": {
        "color": "#4C72B0",
        "clean_HF_acc": 52.98393267023719,
        "sigma_acc": [
          28.691660290742156,
          31.828615149196633,
          35.15684774292272,
          27.046671767406274,
          19.3955623565417,
          14.996174445294567
        ],
        "downscale_acc": [
          35.00382555470543,
          32.746748278500384,
          31.293037490436113,
          27.046671767406274,
          24.06273909716909,
          20.849273144605966
        ]
      },
      "BL 2(BF)": {
        "color": "#55A868",
        "clean_HF_acc": 54.322876817138486,
        "sigma_acc": [
          71.27008416220352,
          71.80566182096403,
          72.18821729150727,
          71.7291507268554,
          52.10405508798776,
          34.16220351951033
        ],
        "downscale_acc": [
          48.69931140015302,
          61.2088752869166,
          66.33511859219587,
          71.7291507268554,
          70.12241775057383,
          59.219586840091814
        ]
      },
      "BL 3(MIXTE)": {
        "color": "#C44E52",
        "clean_HF_acc": 70.54322876817139,
        "sigma_acc": [
          69.08951798010712,
          69.62509563886763,
          71.49961744452946,
          71.61438408569242,
          52.14231063504208,
          34.58301453710788
        ],
        "downscale_acc": [
          65.11094108645753,
          68.36266258607498,
          69.66335118592195,
          71.61438408569242,
          69.35730680948737,
          59.90818668706962
        ]
      },
      "Strat 1(BF->HF)": {
        "color": "#8172B2",
        "clean_HF_acc": 77.65876052027544,
        "sigma_acc": [
          66.02907421576128,
          66.41162968630451,
          67.94185156847743,
          68.13312930374904,
          55.54705432287682,
          40.130068859984696
        ],
        "downscale_acc": [
          73.7566947207345,
          73.29762815608264,
          72.30298393267023,
          68.13312930374904,
          62.62433052792655,
          53.78729915837796
        ]
      },
      "Strat 2(CoTrain)": {
        "color": "#CCB974",
        "clean_HF_acc": 66.2203519510329,
        "sigma_acc": [
          58.49273144605968,
          60.25248661055853,
          63.657230298393266,
          65.91430757459831,
          41.9663351185922,
          28.347360367253252
        ],
        "downscale_acc": [
          57.61285386381025,
          61.89747513389442,
          63.73374139250191,
          65.91430757459831,
          63.848508033664885,
          53.59602142310635
        ]
      }
    }
  },
  "Imagewoof": {
    "sigma_levels": [
      0.0,
      0.05,
      0.1,
      0.15,
      0.25,
      0.35
    ],
    "sigma_fixed_downscale": 64,
    "downscale_levels": [
      224,
      128,
      96,
      64,
      48,
      32
    ],
    "downscale_fixed_sigma": 0.15,
    "jpeg_quality": 60,
    "downscale_unit_costs": [
      10.0,
      3.4,
      2.0,
      1.0,
      0.65,
      0.4
    ],
    "models": {
      "BL 1(HF)": {
        "color": "#4C72B0",
        "clean_HF_acc": 23.110206159328072,
        "sigma_acc": [
          23.390175617205397,
          22.98294731483838,
          22.423008399083738,
          20.64138457622805,
          19.16518198014762,
          16.62000509035378
        ],
        "downscale_acc": [
          20.43777042504454,
          20.743191651819803,
          20.64138457622805,
          20.64138457622805,
          20.64138457622805,
          21.175871723084754
        ]
      },
      "BL 2(BF)": {
        "color": "#55A868",
        "clean_HF_acc": 42.04632221939425,
        "sigma_acc": [
          45.50776278951387,
          46.016798167472636,
          47.08577246118605,
          45.635021634003564,
          37.4395520488674,
          29.651310766098245
        ],
        "downscale_acc": [
          40.69737846780351,
          43.16620005090354,
          43.904301348943754,
          45.635021634003564,
          45.1259862560448,
          42.50445405955714
        ]
      },
      "BL 3(MIXTE)": {
        "color": "#C44E52",
        "clean_HF_acc": 52.86332400101807,
        "sigma_acc": [
          50.241791804530415,
          50.827182489182995,
          50.95444133367269,
          51.18350725375414,
          48.511071519470605,
          45.07508271824892
        ],
        "downscale_acc": [
          51.84525324510054,
          51.667090862814966,
          51.565283787223215,
          51.18350725375414,
          49.860015271061336,
          44.3369814202087
        ]
      },
      "Strat 1(BF->HF)": {
        "color": "#8172B2",
        "clean_HF_acc": 52.761516925426314,
        "sigma_acc": [
          46.983965385594296,
          47.44209722575719,
          46.90761007890048,
          45.55866632730975,
          40.39195724102825,
          35.657928226011705
        ],
        "downscale_acc": [
          49.12191397302112,
          48.205650292695346,
          47.849325528124204,
          45.55866632730975,
          42.88623059302621,
          37.41410027996946
        ]
      },
      "Strat 2(CoTrain)": {
        "color": "#CCB974",
        "clean_HF_acc": 30.974802748791042,
        "sigma_acc": [
          29.829473148383812,
          29.778569610587937,
          29.75311784169,
          28.60778824128277,
          23.364723848307456,
          17.816238228556884
        ],
        "downscale_acc": [
          28.91320946805803,
          29.193178925935353,
          29.0913718503436,
          28.60778824128277,
          27.996945787732248,
          25.986256044795113
        ]
      }
    }
  }
}