{
    "mode": "HF",
    "dataset": "Imagewoof",
    "epochs": 20,
    "seeds": [
        42,
        1,
        2
    ],
    "data_cost_CA": 8990.0,
    "compute_images_seen": 17980,
    "total_cost_CA": 179800.0,
    "n_hf_pool": 899,
    "n_bf_pool": 0,
    "hf_images_seen": 17980,
    "bf_images_seen": 0,
    "accuracy_HF": 24.985153134809536,
    "accuracy_HF_std": 4.066897473873226,
    "accuracy_HF_seeds": [
        23.110206159328072,
        22.193942479002292,
        29.651310766098245
    ],
    "accuracy_BF": 22.07516755747858,
    "accuracy_BF_std": 1.3782393327091478,
    "accuracy_BF_seeds": [
        20.64138457622805,
        22.193942479002292,
        23.390175617205397
    ],
    "accuracy_Mixte": 23.530160346144058,
    "accuracy_Mixte_std": 2.5948012858365597,
    "accuracy_Mixte_seeds": [
        21.87579536777806,
        22.193942479002292,
        26.52074319165182
    ],
    "training_time_sec": 22.401750882466633,
    "training_time_sec_std": 0.23888140249341316,
    "per_seed": [
        {
            "seed": 42,
            "accuracy_HF": 23.110206159328072,
            "accuracy_BF": 20.64138457622805,
            "accuracy_Mixte": 21.87579536777806,
            "training_time_sec": 22.671043157577515,
            "loss_history": [
                2.471076906191494,
                2.206671420803855,
                2.07905397027963,
                2.00114507112938,
                1.9725274583521621,
                1.9695068629618084,
                1.8654925694587632,
                1.930725573034785,
                1.857196743947115,
                1.7866957752537542,
                1.7676296381319192,
                1.8110959199697476,
                1.6780983794385254,
                1.6300073606153749,
                1.6640937136065574,
                1.5589229935931417,
                1.5686317588118743,
                1.365204366613946,
                1.473394561264751,
                1.5539029196186511
            ]
        },
        {
            "seed": 1,
            "accuracy_HF": 22.193942479002292,
            "accuracy_BF": 22.193942479002292,
            "accuracy_Mixte": 22.193942479002292,
            "training_time_sec": 22.318830728530884,
            "loss_history": [
                2.443846705625532,
                2.153288538782164,
                2.111240408046625,
                2.017520824184142,
                2.000072373166365,
                1.8671528752043727,
                1.7658857743652565,
                1.8222958029841423,
                1.8162020297681662,
                1.8286148427723512,
                1.7477071758637306,
                1.735040615742676,
                1.68976705875227,
                1.6478252985055772,
                1.554542142636784,
                1.548759791424065,
                1.4566867138042598,
                1.2647860636302706,
                1.5637276196506318,
                1.4089453829011078
            ]
        },
        {
            "seed": 2,
            "accuracy_HF": 29.651310766098245,
            "accuracy_BF": 23.390175617205397,
            "accuracy_Mixte": 26.52074319165182,
            "training_time_sec": 22.215378761291504,
            "loss_history": [
                2.4786923483295884,
                2.2090909656083357,
                2.085378067379401,
                2.0319324531597607,
                1.9874798494398396,
                1.9868871669748072,
                1.8970822175432234,
                1.880627454719501,
                1.823842898226686,
                1.7969177718687641,
                1.7824825162484463,
                1.6975196439511784,
                1.696467347749746,
                1.6939849004862173,
                1.5970559296539018,
                1.5155423236503218,
                1.3795012581732966,
                1.4357200509581602,
                1.4218471812724536,
                1.454209629765342
            ]
        }
    ]
}