{
    "mode": "BF",
    "dataset": "Intel",
    "epochs": 20,
    "seeds": [
        42,
        1,
        2
    ],
    "data_cost_CA": 12632.000000000004,
    "compute_images_seen": 252640,
    "total_cost_CA": 252640.00000000006,
    "n_hf_pool": 0,
    "n_bf_pool": 12632,
    "hf_images_seen": 0,
    "bf_images_seen": 252640,
    "accuracy_HF": 78.7,
    "accuracy_HF_std": 2.6851443164195086,
    "accuracy_HF_seeds": [
        76.3,
        78.2,
        81.6
    ],
    "accuracy_BF": 81.86666666666666,
    "accuracy_BF_std": 1.4075194887144948,
    "accuracy_BF_seeds": [
        83.1,
        80.33333333333333,
        82.16666666666667
    ],
    "accuracy_Mixte": 80.28333333333333,
    "accuracy_Mixte_std": 1.4024779657607602,
    "accuracy_Mixte_seeds": [
        79.69999999999999,
        79.26666666666667,
        81.88333333333333
    ],
    "training_time_sec": 216.67980217933655,
    "training_time_sec_std": 2.973663691373332,
    "per_seed": [
        {
            "seed": 42,
            "accuracy_HF": 76.3,
            "accuracy_BF": 83.1,
            "accuracy_Mixte": 79.69999999999999,
            "training_time_sec": 216.37814784049988,
            "loss_history": [
                0.9693027067176898,
                0.6929343779718219,
                0.5960624270457268,
                0.5173893698489387,
                0.45911329184399896,
                0.42370170585108075,
                0.38578802973805837,
                0.35467336583998177,
                0.3144962165912848,
                0.27078342009300366,
                0.23796942104373725,
                0.18939362876848603,
                0.156469738133313,
                0.13351880785424622,
                0.09568872488681239,
                0.06544735178350222,
                0.07162065197199942,
                0.06687763737227964,
                0.048507991455084845,
                0.03949806154095122
            ]
        },
        {
            "seed": 1,
            "accuracy_HF": 78.2,
            "accuracy_BF": 80.33333333333333,
            "accuracy_Mixte": 79.26666666666667,
            "training_time_sec": 219.79279565811157,
            "loss_history": [
                0.9764818019169353,
                0.6965527770412051,
                0.6010308495196004,
                0.528133407395576,
                0.48451512734900554,
                0.42628252678011097,
                0.3978621458576932,
                0.3590117058020139,
                0.3136687429457846,
                0.275684989304615,
                0.25612552240349357,
                0.20370446597099154,
                0.15819898374175784,
                0.12552060223667588,
                0.10098002768906708,
                0.0975991788357402,
                0.07006004235534406,
                0.052449210006047686,
                0.06469796969307005,
                0.04695516657685841
            ]
        },
        {
            "seed": 2,
            "accuracy_HF": 81.6,
            "accuracy_BF": 82.16666666666667,
            "accuracy_Mixte": 81.88333333333333,
            "training_time_sec": 213.8684630393982,
            "loss_history": [
                1.034824706203504,
                0.7568858829270895,
                0.631228350437918,
                0.5653298351113898,
                0.508620575155315,
                0.4500207049020715,
                0.4150745211106603,
                0.38382139062111403,
                0.3467582255469764,
                0.31429136573249133,
                0.2750144872845087,
                0.2407857811454733,
                0.20762962652128508,
                0.16454847802498282,
                0.1466028561026443,
                0.10481598034991804,
                0.08992431105655382,
                0.08599415591825331,
                0.06768230807939762,
                0.061898002539011704
            ]
        }
    ]
}