{
    "mode": "MIXTE",
    "dataset": "Intel",
    "epochs": 20,
    "seeds": [
        42,
        1,
        2
    ],
    "data_cost_CA": 26652.000000000004,
    "compute_images_seen": 280680,
    "total_cost_CA": 533040.0000000001,
    "n_hf_pool": 1402,
    "n_bf_pool": 12632,
    "hf_images_seen": 28040,
    "bf_images_seen": 252640,
    "accuracy_HF": 82.83333333333333,
    "accuracy_HF_std": 1.1930353445448845,
    "accuracy_HF_seeds": [
        83.36666666666666,
        81.46666666666667,
        83.66666666666667
    ],
    "accuracy_BF": 82.11111111111111,
    "accuracy_BF_std": 1.2006171252657885,
    "accuracy_BF_seeds": [
        82.66666666666667,
        80.73333333333333,
        82.93333333333334
    ],
    "accuracy_Mixte": 82.47222222222223,
    "accuracy_Mixte_std": 1.1967935556372418,
    "accuracy_Mixte_seeds": [
        83.01666666666667,
        81.1,
        83.30000000000001
    ],
    "training_time_sec": 226.50015679995218,
    "training_time_sec_std": 1.1126481849475038,
    "per_seed": [
        {
            "seed": 42,
            "accuracy_HF": 83.36666666666666,
            "accuracy_BF": 82.66666666666667,
            "accuracy_Mixte": 83.01666666666667,
            "training_time_sec": 226.4766719341278,
            "loss_history": [
                0.9803930551675848,
                0.7125658368357604,
                0.6144032564974585,
                0.5340400667795008,
                0.47586623886651896,
                0.4398410919216499,
                0.40410464854258765,
                0.34665747303491784,
                0.3211010295100849,
                0.2940171821064397,
                0.23731253401784963,
                0.19953086130874217,
                0.15359689109903363,
                0.11484845994509947,
                0.11917534262128784,
                0.06830039360897994,
                0.07216910164427924,
                0.061866658734038495,
                0.06608145940107583,
                0.04155517609805098
            ]
        },
        {
            "seed": 1,
            "accuracy_HF": 81.46666666666667,
            "accuracy_BF": 80.73333333333333,
            "accuracy_Mixte": 81.1,
            "training_time_sec": 225.3994369506836,
            "loss_history": [
                0.9625751813354699,
                0.7019616370699218,
                0.6007763614414322,
                0.5191158301575123,
                0.4743393016741523,
                0.4249957635631347,
                0.3824231573159545,
                0.3536431027287786,
                0.32232648044191775,
                0.29269099684884203,
                0.24457699337779618,
                0.19422119171026173,
                0.17029092355010278,
                0.13633199765677292,
                0.09983603647797641,
                0.08496402716881295,
                0.07809720494811889,
                0.06910627676038401,
                0.06154221230081272,
                0.035875135709650924
            ]
        },
        {
            "seed": 2,
            "accuracy_HF": 83.66666666666667,
            "accuracy_BF": 82.93333333333334,
            "accuracy_Mixte": 83.30000000000001,
            "training_time_sec": 227.62436151504517,
            "loss_history": [
                1.014612207389615,
                0.7379185390282139,
                0.6154028177686068,
                0.5489232446565678,
                0.4863281488095795,
                0.445363280434919,
                0.3972042781072956,
                0.3720711474322145,
                0.32821794170437674,
                0.28955068264580763,
                0.2470441055005647,
                0.21819513781986058,
                0.17531092075671637,
                0.1458961294354223,
                0.1058240476154238,
                0.09138032904929232,
                0.07401923807671017,
                0.06653158320810816,
                0.06771282860402693,
                0.046445705399004264
            ]
        }
    ]
}