{
    "mode": "HF",
    "dataset": "Intel",
    "epochs": 20,
    "seeds": [
        42,
        1,
        2
    ],
    "data_cost_CA": 14020.0,
    "compute_images_seen": 28040,
    "total_cost_CA": 280400.0,
    "n_hf_pool": 1402,
    "n_bf_pool": 0,
    "hf_images_seen": 28040,
    "bf_images_seen": 0,
    "accuracy_HF": 75.75555555555556,
    "accuracy_HF_std": 2.2141798916512134,
    "accuracy_HF_seeds": [
        73.2,
        76.96666666666667,
        77.1
    ],
    "accuracy_BF": 46.977777777777774,
    "accuracy_BF_std": 0.8002314480013686,
    "accuracy_BF_seeds": [
        47.166666666666664,
        46.1,
        47.666666666666664
    ],
    "accuracy_Mixte": 61.36666666666667,
    "accuracy_Mixte_std": 1.1094292827095023,
    "accuracy_Mixte_seeds": [
        60.18333333333334,
        61.53333333333333,
        62.383333333333326
    ],
    "training_time_sec": 24.02245577176412,
    "training_time_sec_std": 0.2752949428292681,
    "per_seed": [
        {
            "seed": 42,
            "accuracy_HF": 73.2,
            "accuracy_BF": 47.166666666666664,
            "accuracy_Mixte": 60.18333333333334,
            "training_time_sec": 24.087578773498535,
            "loss_history": [
                1.3930781402873584,
                0.9952339715352242,
                0.9551360579087969,
                0.8648662073976133,
                0.7768965343095777,
                0.7297793730519467,
                0.7385799418842571,
                0.693701314773097,
                0.6756961621163405,
                0.5708467657657901,
                0.5515241976641384,
                0.6009417357356334,
                0.5475329278028981,
                0.5221071097463071,
                0.4320448392127958,
                0.4082338045565106,
                0.39625798988444316,
                0.38589651599930286,
                0.3207876973502476,
                0.3124434865065206
            ]
        },
        {
            "seed": 1,
            "accuracy_HF": 76.96666666666667,
            "accuracy_BF": 46.1,
            "accuracy_Mixte": 61.53333333333333,
            "training_time_sec": 24.259350299835205,
            "loss_history": [
                1.4136610128910156,
                0.95500172596005,
                0.8768705940790762,
                0.833879071873707,
                0.8083523802682439,
                0.7059751754990657,
                0.670642042211051,
                0.6029415093202903,
                0.5584284475288446,
                0.49348001787903983,
                0.4635215405475736,
                0.5245232007302844,
                0.51560056885537,
                0.44865689208776227,
                0.40965889358146385,
                0.3378846113079795,
                0.35960650205952294,
                0.32083144605414843,
                0.32177111706277955,
                0.3207051473830464
            ]
        },
        {
            "seed": 2,
            "accuracy_HF": 77.1,
            "accuracy_BF": 47.666666666666664,
            "accuracy_Mixte": 62.383333333333326,
            "training_time_sec": 23.720438241958618,
            "loss_history": [
                1.400671948209809,
                1.0476708286328935,
                0.97143659161433,
                0.9297896980729151,
                0.8083057381457167,
                0.7361160041432238,
                0.6811637273868718,
                0.6942023484410981,
                0.6714305229772004,
                0.5965854500907974,
                0.5697512198106709,
                0.4949410218485072,
                0.48412383325429853,
                0.5486104501127006,
                0.4682798388596098,
                0.4370108404530268,
                0.3919081395855984,
                0.395800683875907,
                0.47437054726604727,
                0.3894910862969604
            ]
        }
    ]
}