{
    "mode": "BF",
    "dataset": "Animals-10",
    "epochs": 20,
    "seeds": [
        42,
        1,
        2
    ],
    "data_cost_CA": 21213.000000000004,
    "compute_images_seen": 424260,
    "total_cost_CA": 424260.00000000006,
    "n_hf_pool": 0,
    "n_bf_pool": 21213,
    "hf_images_seen": 0,
    "bf_images_seen": 424260,
    "accuracy_HF": 61.29813823004336,
    "accuracy_HF_std": 6.330609177838444,
    "accuracy_HF_seeds": [
        54.322876817138486,
        66.67941851568477,
        62.89211935730681
    ],
    "accuracy_BF": 71.01504718184137,
    "accuracy_BF_std": 1.5096810596224177,
    "accuracy_BF_seeds": [
        71.7291507268554,
        69.28079571537873,
        72.03519510328998
    ],
    "accuracy_Mixte": 66.15659270594236,
    "accuracy_Mixte_std": 2.7234304594089633,
    "accuracy_Mixte_seeds": [
        63.02601377199694,
        67.98010711553175,
        67.4636572302984
    ],
    "training_time_sec": 412.86148993174237,
    "training_time_sec_std": 0.9428560257588111,
    "per_seed": [
        {
            "seed": 42,
            "accuracy_HF": 54.322876817138486,
            "accuracy_BF": 71.7291507268554,
            "accuracy_Mixte": 63.02601377199694,
            "training_time_sec": 412.1008644104004,
            "loss_history": [
                1.772420519217515,
                1.3154000109534438,
                1.120904460090652,
                0.9744051253841143,
                0.8342481652530334,
                0.7175985161313937,
                0.5771117544812585,
                0.45109227119580986,
                0.3137660934458313,
                0.20271851841341187,
                0.15038089566285734,
                0.10684041674901498,
                0.09534244987198168,
                0.09349863530989556,
                0.05200657244141793,
                0.08068025428256495,
                0.06693955367729676,
                0.055835816397197355,
                0.048454535194048645,
                0.05799709573863661
            ]
        },
        {
            "seed": 1,
            "accuracy_HF": 66.67941851568477,
            "accuracy_BF": 69.28079571537873,
            "accuracy_Mixte": 67.98010711553175,
            "training_time_sec": 412.5672183036804,
            "loss_history": [
                1.7778753659313045,
                1.3436865625627386,
                1.1300149401697688,
                0.9726112363042091,
                0.8326583440022933,
                0.7231118011476295,
                0.581133272210313,
                0.44160038410102787,
                0.29614901220518075,
                0.20350632838434565,
                0.14334851931518033,
                0.10704794623671049,
                0.09415208123726532,
                0.06945181397236215,
                0.06318626051724494,
                0.08968429779440705,
                0.0622066474826862,
                0.055606049929060555,
                0.06280157706161,
                0.061928583570279534
            ]
        },
        {
            "seed": 2,
            "accuracy_HF": 62.89211935730681,
            "accuracy_BF": 72.03519510328998,
            "accuracy_Mixte": 67.4636572302984,
            "training_time_sec": 413.91638708114624,
            "loss_history": [
                1.8055533573571614,
                1.3758640262838167,
                1.1509585062145755,
                0.9861394043707844,
                0.8665852158094225,
                0.723310379970081,
                0.5830157611431116,
                0.43457685070777835,
                0.29199205076307294,
                0.21116281951080143,
                0.11969862048934914,
                0.10543654709162281,
                0.08482507742898882,
                0.08293558932531393,
                0.07075980669894201,
                0.053646567106606605,
                0.07085912688424773,
                0.053161691471232564,
                0.056775633726229145,
                0.048442254976886576
            ]
        }
    ]
}