{
  "strategy": "transfer_learning_sequentiel",
  "dataset": "Animals-10",
  "pipeline": "BF_pretraining_then_HF_finetuning",
  "pretrain_epochs": 10,
  "finetune_epochs": 10,
  "lr_pretrain": 0.001,
  "lr_finetune": 0.0003,
  "seeds": [
    42,
    1,
    2
  ],
  "data_cost_CA": 44733.0,
  "compute_images_seen": 230940,
  "total_cost_CA": 400230.0,
  "n_hf_pool": 2352,
  "n_bf_pool": 21213,
  "hf_images_seen": 18810,
  "bf_images_seen": 212130,
  "accuracy_HF": 78.43662331038,
  "accuracy_HF_std": 0.6804040587581818,
  "accuracy_HF_seeds": [
    77.65876052027544,
    78.72991583779648,
    78.9211935730681
  ],
  "accuracy_BF": 69.00025503698036,
  "accuracy_BF_std": 0.8419118000634614,
  "accuracy_BF_seeds": [
    68.17138485080336,
    68.97475133894415,
    69.85462892119358
  ],
  "accuracy_Mixte": 73.71843917368018,
  "accuracy_Mixte_std": 0.745492550493691,
  "accuracy_Mixte_seeds": [
    72.9150726855394,
    73.85233358837031,
    74.38791124713083
  ],
  "total_time_min": 3.9706047985288833,
  "total_time_min_std": 0.03803627191294459,
  "per_seed": [
    {
      "seed": 42,
      "accuracy_HF": 77.65876052027544,
      "accuracy_BF": 68.17138485080336,
      "accuracy_Mixte": 72.9150726855394,
      "time_min": 3.9266906181971235,
      "n_hf_train": 1881
    },
    {
      "seed": 1,
      "accuracy_HF": 78.72991583779648,
      "accuracy_BF": 68.97475133894415,
      "accuracy_Mixte": 73.85233358837031,
      "time_min": 3.9932072997093204,
      "n_hf_train": 1881
    },
    {
      "seed": 2,
      "accuracy_HF": 78.9211935730681,
      "accuracy_BF": 69.85462892119358,
      "accuracy_Mixte": 74.38791124713083,
      "time_min": 3.9919164776802063,
      "n_hf_train": 1881
    }
  ]
}