{
    "mode": "MIXTE",
    "dataset": "Animals-10",
    "epochs": 20,
    "seeds": [
        42,
        1,
        2
    ],
    "data_cost_CA": 44733.0,
    "compute_images_seen": 471300,
    "total_cost_CA": 894660.0,
    "n_hf_pool": 2352,
    "n_bf_pool": 21213,
    "hf_images_seen": 47040,
    "bf_images_seen": 424260,
    "accuracy_HF": 73.97347615404233,
    "accuracy_HF_std": 2.970742957229042,
    "accuracy_HF_seeds": [
        70.54322876817139,
        75.70772762050497,
        75.66947207345065
    ],
    "accuracy_BF": 72.9023208365213,
    "accuracy_BF_std": 1.1350578327709093,
    "accuracy_BF_seeds": [
        71.61438408569242,
        73.7566947207345,
        73.33588370313696
    ],
    "accuracy_Mixte": 73.43789849528181,
    "accuracy_Mixte_std": 2.046254608336269,
    "accuracy_Mixte_seeds": [
        71.0788064269319,
        74.73221117061973,
        74.5026778882938
    ],
    "training_time_sec": 429.6116136709849,
    "training_time_sec_std": 1.776059172655486,
    "per_seed": [
        {
            "seed": 42,
            "accuracy_HF": 70.54322876817139,
            "accuracy_BF": 71.61438408569242,
            "accuracy_Mixte": 71.0788064269319,
            "training_time_sec": 427.73545932769775,
            "loss_history": [
                1.871068389234132,
                1.4032631379895824,
                1.1702716455574933,
                0.9960466474983917,
                0.8557456267580671,
                0.7224619875433792,
                0.5938154456925548,
                0.4579741138663738,
                0.3334938509194127,
                0.2116100269747013,
                0.16103872272231234,
                0.11540458300185512,
                0.09780922373110591,
                0.08368949226366343,
                0.06772661101861084,
                0.09149624910509918,
                0.04570113996044987,
                0.04208153356494567,
                0.048068384084158526,
                0.07221167310100123
            ]
        },
        {
            "seed": 1,
            "accuracy_HF": 75.70772762050497,
            "accuracy_BF": 73.7566947207345,
            "accuracy_Mixte": 74.73221117061973,
            "training_time_sec": 431.26692152023315,
            "loss_history": [
                1.8455334491090312,
                1.3967063409974056,
                1.149467901618977,
                0.9864294477463174,
                0.8443814242617127,
                0.7033870737567313,
                0.5713078660334393,
                0.42687395232866554,
                0.3050401508150499,
                0.2033381913539434,
                0.13091719090217696,
                0.10969855743761708,
                0.09926775859630516,
                0.07581003654171979,
                0.05786935014932013,
                0.06312807140085011,
                0.07745558392235156,
                0.044386084565887676,
                0.07946559420156234,
                0.031173544912524925
            ]
        },
        {
            "seed": 2,
            "accuracy_HF": 75.66947207345065,
            "accuracy_BF": 73.33588370313696,
            "accuracy_Mixte": 74.5026778882938,
            "training_time_sec": 429.8324601650238,
            "loss_history": [
                1.881291233726856,
                1.4057790157978585,
                1.1690236135726013,
                1.0100447988702363,
                0.8654635985565874,
                0.7360870040502615,
                0.6108568635989521,
                0.4797987573849479,
                0.34006471553002854,
                0.2284988803378392,
                0.171987805506833,
                0.1038244495555243,
                0.11252436880698104,
                0.07460634865604994,
                0.09372109796068559,
                0.06288220086991597,
                0.06407323525939908,
                0.061186744443441486,
                0.06719853067120472,
                0.04916821375422839
            ]
        }
    ]
}