{
    "mode": "HF",
    "dataset": "Animals-10",
    "epochs": 20,
    "seeds": [
        42,
        1,
        2
    ],
    "data_cost_CA": 23520.0,
    "compute_images_seen": 47040,
    "total_cost_CA": 470400.0,
    "n_hf_pool": 2352,
    "n_bf_pool": 0,
    "hf_images_seen": 47040,
    "bf_images_seen": 0,
    "accuracy_HF": 54.322876817138486,
    "accuracy_HF_std": 2.1879363761023423,
    "accuracy_HF_seeds": [
        52.98393267023719,
        56.847742922723796,
        53.13695485845447
    ],
    "accuracy_BF": 27.824534557510837,
    "accuracy_BF_std": 0.8488364825627448,
    "accuracy_BF_seeds": [
        27.046671767406274,
        27.697016067329763,
        28.72991583779648
    ],
    "accuracy_Mixte": 41.07370568732466,
    "accuracy_Mixte_std": 1.1350578327709102,
    "accuracy_Mixte_seeds": [
        40.01530221882173,
        42.27237949502678,
        40.93343534812548
    ],
    "training_time_sec": 34.73955210049947,
    "training_time_sec_std": 0.3815997901281395,
    "per_seed": [
        {
            "seed": 42,
            "accuracy_HF": 52.98393267023719,
            "accuracy_BF": 27.046671767406274,
            "accuracy_Mixte": 40.01530221882173,
            "training_time_sec": 34.3814172744751,
            "loss_history": [
                2.213026170016957,
                1.9016674586704798,
                1.743748749194502,
                1.624739137636561,
                1.57442095814919,
                1.4225719445416716,
                1.3704608832897782,
                1.2838045237015705,
                1.1606275297346569,
                1.059343054992001,
                0.9499598863173504,
                0.7996423013356267,
                0.7198861772511281,
                0.6383802594781733,
                0.477463390145983,
                0.371122107619331,
                0.2779181293484305,
                0.20622114158001076,
                0.16817111648669858,
                0.12417735098576059
            ]
        },
        {
            "seed": 1,
            "accuracy_HF": 56.847742922723796,
            "accuracy_BF": 27.697016067329763,
            "accuracy_Mixte": 42.27237949502678,
            "training_time_sec": 35.14093232154846,
            "loss_history": [
                2.17029336763888,
                1.8875214445347688,
                1.7498543862582876,
                1.6327206228866058,
                1.4670970415582463,
                1.351793006163876,
                1.282399598433047,
                1.2204187605656733,
                1.0820252465553024,
                0.9909400607452912,
                0.9481201005630753,
                0.8688445131794936,
                0.7149387707515639,
                0.6315362412913316,
                0.5118062741496936,
                0.4405742806642234,
                0.4009200594052166,
                0.2564967526059572,
                0.14213471621477686,
                0.12237667155509092
            ]
        },
        {
            "seed": 2,
            "accuracy_HF": 53.13695485845447,
            "accuracy_BF": 28.72991583779648,
            "accuracy_Mixte": 40.93343534812548,
            "training_time_sec": 34.69630670547485,
            "loss_history": [
                2.2006351444996946,
                1.8979832923331228,
                1.7595630202974593,
                1.6485702902281365,
                1.6042245326398992,
                1.4610652404577553,
                1.3854877121594487,
                1.325360099474589,
                1.192290084702628,
                1.1323251164689356,
                1.0701708217867378,
                0.9123664230716472,
                0.8086078965745005,
                0.6551303275588418,
                0.5488242932728359,
                0.39785286196235087,
                0.33577899117859045,
                0.28988732904398523,
                0.1874353818747462,
                0.12341183946043456
            ]
        }
    ]
}